RULE_NW001,NW.1,NW
RULE_NW002,NW.2,NW
RULE_NW003,NW.3,NW
RULE_NW004A,NW.3,NW
RULE_NW004B,NW.4,NW
RULE_NW005,NW.5,NW
RULE_NW006A,NW.6,NW
RULE_NW006B,NW.6,NW
RULE_NW006AB,NW.6,NW
RULE_ACT001,ACT.1,ACTIVE
RULE_ACT002,ACT.2,ACTIVE
RULE_ACT003,ACT.3,ACTIVE
RULE_ACT004,ACT.4,ACTIVE
RULE_ACT005,ACT.5,ACTIVE
RULE_ACT006,ACT.6,ACTIVE
RULE_ACT007A,ACT.7,ACTIVE
RULE_ACT007B,ACT.7,ACTIVE
RULE_ACT008A,ACT.8,ACTIVE
RULE_ACT008B,ACT.8,ACTIVE
RULE_ACT009,ACT.9,ACTIVE
RULE_GATE001A,GATE.1,GATE
RULE_GATE001B,GATE.1,GATE
RULE_GATE002A,GATE.2,GATE
RULE_GATE002B,GATE.2,GATE
RULE_GATE003,GATE.3,GATE
RULE_GATE004A,GATE.4,GATE
RULE_GATE004B,GATE.4,GATE
RULE_GATE005A,GATE.5,GATE
RULE_GATE005B,GATE.5,GATE
RULE_GATE006A,GATE.6,GATE
RULE_GATE006B,GATE.6,GATE
RULE_GATE007A,GATE.7,GATE
RULE_GATE007B,GATE.7,GATE
RULE_GATE008A,GATE.8,GATE
RULE_GATE008B,GATE.8,GATE
RULE_GATE001AB,GATE.1AB,GATE
RULE_GATE002AB,GATE.2AB,GATE
RULE_GATE003AB,GATE.3AB,GATE
RULE_GATE004AB,GATE.4AB,GATE
RULE_GATE005AB,GATE.5AB,GATE
RULE_GATE006AB,GATE.6AB,GATE
RULE_GATE007AB,GATE.7AB,GATE
RULE_GATE008AB,GATE.8AB,GATE
RULE_GATE001Ca,GATEC.1.a,GATE C (Gate Metal Cut Mask)
RULE_GATE002Ca,GATEC.2.a,GATE C (Gate Metal Cut Mask)
RULE_GATE003C,GATEC.3,GATE C (Gate Metal Cut Mask)
RULE_GATE004Ca,GATEC.4,GATE C (Gate Metal Cut Mask)
RULE_GATE004Cb,GATEC.4,GATE C (Gate Metal Cut Mask)
RULE_GATE005C,GATEC.5,GATE C (Gate Metal Cut Mask)
RULE_GATE006C,GATEC.6,GATE C (Gate Metal Cut Mask)
RULE_GATE007C,GATEC.7,GATE C (Gate Metal Cut Mask)
RULE_VT001,VT.1,VTL/VTH
RULE_VT002,VT.2,VTL/VTH
RULE_VTL003A,VT.3,VTL/VTH
RULE_VTL003B,VT.3,VTL/VTH
RULE_VTH003A,VT.3,VTL/VTH
RULE_VTH003B,VT.3,VTL/VTH
RULE_VTL004A,VT.4,VTL/VTH
RULE_VTL004B,VT.4,VTL/VTH
RULE_VTH004A,VT.4,VTL/VTH
RULE_VTH004B,VT.4,VTL/VTH
RULE_NIM001A,NIM/PIM.1,NIM/PIM
RULE_NIM001B,NIM/PIM.1,NIM/PIM
RULE_NIM001C,NIM/PIM.1,NIM/PIM
RULE_PIM001A,NIM/PIM.1,NIM/PIM
RULE_PIM001B,NIM/PIM.1,NIM/PIM
RULE_PIM001C,NIM/PIM.1,NIM/PIM
RULE_NIM002A,NIM/PIM.2,NIM/PIM
RULE_NIM002B,NIM/PIM.2,NIM/PIM
RULE_NIM002AB,NIM/PIM.2,NIM/PIM
RULE_PIM002A,NIM/PIM.2,NIM/PIM
RULE_PIM002B,NIM/PIM.2,NIM/PIM
RULE_PIM002AB,NIM/PIM.2,NIM/PIM
RULE_NIM003A,NIM/PIM.3,NIM/PIM
RULE_NIM003B,NIM/PIM.3,NIM/PIM
RULE_PIM003A,NIM/PIM.3,NIM/PIM
RULE_PIM003B,NIM/PIM.3,NIM/PIM
RULE_NIM004A,NIM/PIM.4,NIM/PIM
RULE_NIM004B,NIM/PIM.4,NIM/PIM
RULE_PIM004A,NIM/PIM.4,NIM/PIM
RULE_PIM004B,NIM/PIM.4,NIM/PIM
RULE_NIM005,NIM/PIM.5,NIM/PIM
RULE_PIM005,NIM/PIM.5,NIM/PIM
RULE_NIM006,NIM/PIM.6,NIM/PIM
RULE_PIM006,NIM/PIM.6,NIM/PIM
RULE_NIM007A,NIM/PIM.7,NIM/PIM
RULE_NIM007B,NIM/PIM.7,NIM/PIM
RULE_PIM007A,NIM/PIM.7,NIM/PIM
RULE_PIM007B,NIM/PIM.7,NIM/PIM
RULE_AIL1001,AIL1.1,AIL1
RULE_AIL1002,AIL1.2,AIL1
RULE_AIL1003A,AIL1.3,AIL1
RULE_AIL1003B,AIL1.3,AIL1
RULE_AIL1004,AIL1.4,AIL1
RULE_AIL1005,AIL1.5,AIL1
RULE_AIL1006,AIL1.6,AIL1
RULE_AIL1007,AIL1.7,AIL1
RULE_AIL1008,AIL1.8,AIL1
RULE_AIL2001,AIL2.1,AIL2
RULE_AIL2002,AIL2.2,AIL2
RULE_AIL2003A,AIL2.3,AIL2
RULE_AIL2003B,AIL2.3,AIL2
RULE_AIL2004,AIL2.4,AIL2
RULE_AIL2005,AIL2.5,AIL2
RULE_AIL2006,AIL2.6,AIL2
RULE_AIL2007,AIL2.7,AIL2
RULE_AIL2008,AIL2.8,AIL2
RULE_AIL2009,AIL2.9,AIL2
RULE_AIL2010,AIL2.10,AIL2
RULE_GIL001,GIL.1,GIL
RULE_GIL002,GIL.2,GIL
RULE_GIL003,GIL.3,GIL
RULE_GIL004,GIL.4,GIL
RULE_GIL005,GIL.5,GIL
RULE_GIL006A,GIL.6,GIL
RULE_GIL006B,GIL.6,GIL
RULE_GIL007,GIL.7,GIL
RULE_GIL008,GIL.8,GIL
RULE_GIL009A,GIL.9,GIL
RULE_GIL009B,GIL.9,GIL
RULE_GIL010,GIL.10,GIL
RULE_GIL011,GIL.11,GIL
RULE_GIL012,GIL.12,GIL
RULE_V0001a,V0.1.a,V0
RULE_V0001bA,V0.1.b,V0
RULE_V0001bB,V0.1.b,V0
RULE_V0002GA,V0.2,V0
RULE_V0002AA,V0.2,V0
RULE_V0002GB,V0.2,V0
RULE_V0002AB,V0.2,V0
RULE_V0003GA,V0.3,V0
RULE_V0003AA,V0.3,V0
RULE_V0003GB,V0.3,V0
RULE_V0003AB,V0.3,V0
RULE_V0004,V0.4,V0
RULE_V0005a,V0.5.a,V0
RULE_V0005b,V0.5.b,V0
RULE_V0006a,V0.6.a,V0
RULE_V0006b,V0.6.b,V0
RULE_V0007a,V0.7.a,V0
RULE_V0007b,V0.7.b,V0
RULE_V0008,V0.8,V0
RULE_V0009,V0.9,V0
RULE_V0010,V0.10,V0
RULE_M1001A,M1.1,METAL1
RULE_M1001B,M1.1,METAL1
RULE_M1001,M1.1,METAL1
RULE_M1002A,M1.2,METAL1
RULE_M1002B,M1.2,METAL1
RULE_M1002,M1.2,METAL1
RULE_M1003A,M1.3,METAL1
RULE_M1003B,M1.3,METAL1
RULE_M1003,M1.3,METAL1
RULE_M1004A,M1.4,METAL1
RULE_M1004B,M1.4,METAL1
RULE_M1005A,M1.5,METAL1
RULE_M1005B,M1.5,METAL1
RULE_M1006AB,M1.6,METAL1
RULE_M1006,M1.6,METAL1
RULE_M1007AB,M1.7,METAL1
RULE_M1007,M1.7,METAL1
RULE_M1008A,M1.8,METAL1
RULE_M1008B,M1.8,METAL1
RULE_M1009A,M1.9,METAL1
RULE_M1009B,M1.9,METAL1
RULE_M1010A,M1.10,METAL1
RULE_M1010B,M1.10,METAL1
RULE_M1011A,M1.11,METAL1
RULE_M1011B,M1.11,METAL1
RULE_M1012A,M1.12,METAL1
RULE_M1012B,M1.12,METAL1
RULE_M1013A,M1.13,METAL1
RULE_M1013B,M1.13,METAL1
RULE_M1014A,M1.14,METAL1
RULE_M1014B,M1.14,METAL1
RULE_M1015A,M1.15,METAL1
RULE_M1015B,M1.15,METAL1
RULE_M1016A,M1.16,METAL1
RULE_M1016B,M1.16,METAL1
RULE_M1017A,M1.17,METAL1
RULE_M1017B,M1.17,METAL1
RULE_M1018A,M1.18,METAL1
RULE_M1018B,M1.18,METAL1
RULE_M1019A,M1.19,METAL1
RULE_M1019B,M1.19,METAL1
RULE_M1020A,M1.20,METAL1
RULE_M1020B,M1.20,METAL1
RULE_M1021A,M1.21,METAL1
RULE_M1021B,M1.21,METAL1
RULE_M1022,M1.22,METAL1
RULE_M1023A,M1.23,METAL1
RULE_M1023B,M1.23,METAL1
RULE_M1023,M1.23,METAL1
RULE_M1024,M1.24,METAL1
RULE_M1026A,M1.26,METAL1
RULE_M1026B,M1.26,METAL1
RULE_M1027A,M1.27,METAL1
RULE_M1027B,M1.27,METAL1
RULE_M1027,M1.27,METAL1
RULE_M1028A,M1.28,METAL1
RULE_M1028B,M1.28,METAL1
RULE_V1001a,Vn.1.a,Vn
RULE_V1001b,Vn.1.b,Vn
RULE_V1001c,Vn.1.b,Vn
RULE_V1001d,Vn.1.b,Vn
RULE_V1001e,Vn.1.b,Vn
RULE_V1002A,Vn.2,Vn
RULE_V1002B,V0.2,Vn
RULE_V1003A,V0.3,Vn
RULE_V1003B,V0.3,Vn
RULE_V1004,Vn.4,Vn
RULE_V1005A,Vn.5,Vn
RULE_V1005B,Vn.5,Vn
RULE_VINT1001a,Vn.1.a,Vn
RULE_VINT1001b,Vn.1.b,Vn
RULE_VINT1001c,Vn.1.b,Vn
RULE_VINT1001d,Vn.1.b,Vn
RULE_VINT1001e,Vn.1.b,Vn
RULE_VINT1002A,Vn.2,Vn
RULE_VINT1002B,Vn.2,Vn
RULE_VINT1003A,Vn.3,Vn
RULE_VINT1003B,Vn.3,Vn
RULE_VINT1004,Vn.4,Vn
RULE_VINT1005A,Vn.5,Vn
RULE_VINT1005B,Vn.5,Vn
RULE_VINT2001a,Vn.1.a,Vn
RULE_VINT2001b,Vn.1.b,Vn
RULE_VINT2001c,Vn.1.b,Vn
RULE_VINT2001d,Vn.1.b,Vn
RULE_VINT2001e,Vn.1.b,Vn
RULE_VINT2002A,Vn.2,Vn
RULE_VINT2002B,Vn.2,Vn
RULE_VINT2003A,Vn.3,Vn
RULE_VINT2003B,Vn.3,Vn
RULE_VINT2004,Vn.4,Vn
RULE_VINT2005A,Vn.5,Vn
RULE_VINT2005B,Vn.5,Vn
RULE_VINT3001a,Vn.1.a,Vn
RULE_VINT3001b,Vn.1.a,Vn
RULE_VINT3001c,Vn.1.b,Vn
RULE_VINT3001d,Vn.1.b,Vn
RULE_VINT3001e,Vn.1.b,Vn
RULE_VINT3002A,Vn.2,Vn
RULE_VINT3002B,Vn.2,Vn
RULE_VINT3003A,Vn.3,Vn
RULE_VINT3003B,Vn.3,Vn
RULE_VINT3004,Vn.4,Vn
RULE_VINT3005A,Vn.5,Vn
RULE_VINT3005B,Vn.5,Vn
RULE_VINT4001a,Vn.1.a,Vn
RULE_VINT4001b,Vn.1.b,Vn
RULE_VINT4001c,Vn.1.b,Vn
RULE_VINT4001d,Vn.1.b,Vn
RULE_VINT4001e,Vn.1.b,Vn
RULE_VINT4002A,Vn.2,Vn
RULE_VINT4002B,Vn.2,Vn
RULE_VINT4003A,Vn.3,Vn
RULE_VINT4003B,Vn.3,Vn
RULE_VINT4004,Vn.4,Vn
RULE_VINT4005A,Vn.5,Vn
RULE_VINT4005B,Vn.5,Vn
RULE_VINT5001a,Vn.1.a,Vn
RULE_VINT5001b,Vn.1.b,Vn
RULE_VINT5001c,Vn.1.b,Vn
RULE_VINT5001d,Vn.1.b,Vn
RULE_VINT5002A,Vn.2,Vn
RULE_VINT5002B,Vn.2,Vn
RULE_VINT5003A,Vn.3,Vn
RULE_VINT5003B,Vn.3,Vn
RULE_VINT5004,Vn.4,Vn
RULE_VINT5005A,Vn.5,Vn
RULE_VINT5005B,Vn.5,Vn
RULE_MINT1001A,MINT.1,MINTn
RULE_MINT1001B,MINT.1,MINTn
RULE_MINT1001,MINT.1,MINTn
RULE_MINT1002A,MINT.2,MINTn
RULE_MINT1002B,MINT.2,MINTn
RULE_MINT1002,MINT.2,MINTn
RULE_MINT1003A,MINT.3,MINTn
RULE_MINT1003B,MINT.3,MINTn
RULE_MINT1003,MINT.3,MINTn
RULE_MINT1004A,MINT.4,MINTn
RULE_MINT1004B,MINT.4,MINTn
RULE_MINT1005A,MINT.5,MINTn
RULE_MINT1005B,MINT.5,MINTn
RULE_MINT1006AB,MINT.6,MINTn
RULE_MINT1006,MINT.6,MINTn
RULE_MINT1007AB,MINT.7,MINTn
RULE_MINT1007,MINT.7,MINTn
RULE_MINT1008A,MINT.8,MINTn
RULE_MINT1008B,MINT.8,MINTn
RULE_MINT1009A,MINT.9,MINTn
RULE_MINT1009B,MINT.9,MINTn
RULE_MINT1010A,MINT.10,MINTn
RULE_MINT1010B,MINT.10,MINTn
RULE_MINT1011A,MINT.11,MINTn
RULE_MINT1011B,MINT.11,MINTn
RULE_MINT1012A,MINT.12,MINTn
RULE_MINT1012B,MINT.12,MINTn
RULE_MINT1013A,MINT.13,MINTn
RULE_MINT1013B,MINT.13,MINTn
RULE_MINT1014A,MINT.14,MINTn
RULE_MINT1014B,MINT.14,MINTn
RULE_MINT1015A,MINT.15,MINTn
RULE_MINT1015B,MINT.15,MINTn
RULE_MINT1016A,MINT.16,MINTn
RULE_MINT1016B,MINT.16,MINTn
RULE_MINT1017A,MINT.17,MINTn
RULE_MINT1017B,MINT.17,MINTn
RULE_MINT1018A,MINT.18,MINTn
RULE_MINT1018B,MINT.18,MINTn
RULE_MINT1019A,MINT.19,MINTn
RULE_MINT1019B,MINT.19,MINTn
RULE_MINT1020A,MINT.20,MINTn
RULE_MINT1020B,MINT.20,MINTn
RULE_MINT1021A,MINT.21,MINTn
RULE_MINT1021B,MINT.21,MINTn
RULE_MINT1022,MINT.22,MINTn
RULE_MINT1023A,MINT.23,MINTn
RULE_MINT1023B,MINT.23,MINTn
RULE_MINT1023,MINT.23,MINTn
RULE_MINT1024,MINT.24,MINTn
RULE_MINT1026A,MINT.26,MINTn
RULE_MINT1026B,MINT.26,MINTn
RULE_MINT1027A,MINT.27,MINTn
RULE_MINT1027B,MINT.27,MINTn
RULE_MINT1027,MINT.27,MINTn
RULE_MINT1028A,MINT.28,MINTn
RULE_MINT1028B,MINT.28,MINTn
RULE_MINT2001A,MINT.1,MINTn
RULE_MINT2001B,MINT.1,MINTn
RULE_MINT2001,MINT.1,MINTn
RULE_MINT2002A,MINT.2,MINTn
RULE_MINT2002B,MINT.2,MINTn
RULE_MINT2002,MINT.2,MINTn
RULE_MINT2003A,MINT.3,MINTn
RULE_MINT2003B,MINT.3,MINTn
RULE_MINT2003,MINT.3,MINTn
RULE_MINT2004A,MINT.4,MINTn
RULE_MINT2004B,MINT.4,MINTn
RULE_MINT2005A,MINT.5,MINTn
RULE_MINT2005B,MINT.5,MINTn
RULE_MINT2006AB,MINT.6,MINTn
RULE_MINT2006,MINT.6,MINTn
RULE_MINT2007AB,MINT.7,MINTn
RULE_MINT2007,MINT.7,MINTn
RULE_MINT2008A,MINT.8,MINTn
RULE_MINT2008B,MINT.8,MINTn
RULE_MINT2009A,MINT.9,MINTn
RULE_MINT2009B,MINT.9,MINTn
RULE_MINT2010A,MINT.10,MINTn
RULE_MINT2010B,MINT.10,MINTn
RULE_MINT2011A,MINT.11,MINTn
RULE_MINT2011B,MINT.11,MINTn
RULE_MINT2012A,MINT.12,MINTn
RULE_MINT2012B,MINT.12,MINTn
RULE_MINT2013A,MINT.13,MINTn
RULE_MINT2013B,MINT.13,MINTn
RULE_MINT2014A,MINT.14,MINTn
RULE_MINT2014B,MINT.14,MINTn
RULE_MINT2015A,MINT.15,MINTn
RULE_MINT2015B,MINT.15,MINTn
RULE_MINT2016A,MINT.16,MINTn
RULE_MINT2016B,MINT.16,MINTn
RULE_MINT2017A,MINT.17,MINTn
RULE_MINT2017B,MINT.17,MINTn
RULE_MINT2018A,MINT.18,MINTn
RULE_MINT2018B,MINT.18,MINTn
RULE_MINT2019A,MINT.19,MINTn
RULE_MINT2019B,MINT.19,MINTn
RULE_MINT2020A,MINT.20,MINTn
RULE_MINT2020B,MINT.20,MINTn
RULE_MINT2021A,MINT.21,MINTn
RULE_MINT2021B,MINT.21,MINTn
RULE_MINT2022,MINT.22,MINTn
RULE_MINT2023A,MINT.23,MINTn
RULE_MINT2023B,MINT.23,MINTn
RULE_MINT2023,MINT.23,MINTn
RULE_MINT2024,MINT.24,MINTn
RULE_MINT2026A,MINT.26,MINTn
RULE_MINT2026B,MINT.26,MINTn
RULE_MINT2027A,MINT.27,MINTn
RULE_MINT2027B,MINT.27,MINTn
RULE_MINT2027,MINT.27,MINTn
RULE_MINT2028A,MINT.28,MINTn
RULE_MINT2028B,MINT.28,MINTn
RULE_MINT3001A,MINT.1,MINTn
RULE_MINT3001B,MINT.1,MINTn
RULE_MINT3001,MINT.1,MINTn
RULE_MINT3002A,MINT.2,MINTn
RULE_MINT3002B,MINT.2,MINTn
RULE_MINT3002,MINT.2,MINTn
RULE_MINT3003A,MINT.3,MINTn
RULE_MINT3003B,MINT.3,MINTn
RULE_MINT3003,MINT.3,MINTn
RULE_MINT3004A,MINT.4,MINTn
RULE_MINT3004B,MINT.4,MINTn
RULE_MINT3005A,MINT.5,MINTn
RULE_MINT3005B,MINT.5,MINTn
RULE_MINT3006AB,MINT.6,MINTn
RULE_MINT3006,MINT.6,MINTn
RULE_MINT3007AB,MINT.7,MINTn
RULE_MINT3007,MINT.7,MINTn
RULE_MINT3008A,MINT.8,MINTn
RULE_MINT3008B,MINT.8,MINTn
RULE_MINT3009A,MINT.9,MINTn
RULE_MINT3009B,MINT.9,MINTn
RULE_MINT3010A,MINT.10,MINTn
RULE_MINT3010B,MINT.10,MINTn
RULE_MINT3011A,MINT.11,MINTn
RULE_MINT3011B,MINT.11,MINTn
RULE_MINT3012A,MINT.12,MINTn
RULE_MINT3012B,MINT.12,MINTn
RULE_MINT3013A,MINT.13,MINTn
RULE_MINT3013B,MINT.13,MINTn
RULE_MINT3014A,MINT.14,MINTn
RULE_MINT3014B,MINT.14,MINTn
RULE_MINT3015A,MINT.15,MINTn
RULE_MINT3015B,MINT.15,MINTn
RULE_MINT3016A,MINT.16,MINTn
RULE_MINT3016B,MINT.16,MINTn
RULE_MINT3017A,MINT.17,MINTn
RULE_MINT3017B,MINT.17,MINTn
RULE_MINT3018A,MINT.18,MINTn
RULE_MINT3018B,MINT.18,MINTn
RULE_MINT3019A,MINT.19,MINTn
RULE_MINT3019B,MINT.19,MINTn
RULE_MINT3020A,MINT.20,MINTn
RULE_MINT3020B,MINT.20,MINTn
RULE_MINT3021A,MINT.21,MINTn
RULE_MINT3021B,MINT.21,MINTn
RULE_MINT3022,MINT.22,MINTn
RULE_MINT3023A,MINT.23,MINTn
RULE_MINT3023B,MINT.23,MINTn
RULE_MINT3023,MINT.23,MINTn
RULE_MINT3024,MINT.24,MINTn
RULE_MINT3026A,MINT.26,MINTn
RULE_MINT3026B,MINT.26,MINTn
RULE_MINT3027A,MINT.27,MINTn
RULE_MINT3027B,MINT.27,MINTn
RULE_MINT3027,MINT.27,MINTn
RULE_MINT3028A,MINT.28,MINTn
RULE_MINT3028B,MINT.28,MINTn
RULE_MINT4001A,MINT.1,MINTn
RULE_MINT4001B,MINT.1,MINTn
RULE_MINT4001,MINT.1,MINTn
RULE_MINT4002A,MINT.2,MINTn
RULE_MINT4002B,MINT.2,MINTn
RULE_MINT4002,MINT.2,MINTn
RULE_MINT4003A,MINT.3,MINTn
RULE_MINT4003B,MINT.3,MINTn
RULE_MINT4003,MINT.3,MINTn
RULE_MINT4004A,MINT.4,MINTn
RULE_MINT4004B,MINT.4,MINTn
RULE_MINT4005A,MINT.5,MINTn
RULE_MINT4005B,MINT.5,MINTn
RULE_MINT4006AB,MINT.6,MINTn
RULE_MINT4006,MINT.6,MINTn
RULE_MINT4007AB,MINT.7,MINTn
RULE_MINT4007,MINT.7,MINTn
RULE_MINT4008A,MINT.8,MINTn
RULE_MINT4008B,MINT.8,MINTn
RULE_MINT4009A,MINT.9,MINTn
RULE_MINT4009B,MINT.9,MINTn
RULE_MINT4010A,MINT.10,MINTn
RULE_MINT4010B,MINT.10,MINTn
RULE_MINT4011A,MINT.11,MINTn
RULE_MINT4011B,MINT.11,MINTn
RULE_MINT4012A,MINT.12,MINTn
RULE_MINT4012B,MINT.12,MINTn
RULE_MINT4013A,MINT.13,MINTn
RULE_MINT4013B,MINT.13,MINTn
RULE_MINT4014A,MINT.14,MINTn
RULE_MINT4014B,MINT.14,MINTn
RULE_MINT4015A,MINT.15,MINTn
RULE_MINT4015B,MINT.15,MINTn
RULE_MINT4016A,MINT.16,MINTn
RULE_MINT4016B,MINT.16,MINTn
RULE_MINT4017A,MINT.17,MINTn
RULE_MINT4017B,MINT.17,MINTn
RULE_MINT4018A,MINT.18,MINTn
RULE_MINT4018B,MINT.18,MINTn
RULE_MINT4019A,MINT.19,MINTn
RULE_MINT4019B,MINT.19,MINTn
RULE_MINT4020A,MINT.20,MINTn
RULE_MINT4020B,MINT.20,MINTn
RULE_MINT4021A,MINT.21,MINTn
RULE_MINT4021B,MINT.21,MINTn
RULE_MINT4022,MINT.22,MINTn
RULE_MINT4023A,MINT.23,MINTn
RULE_MINT4023B,MINT.23,MINTn
RULE_MINT4023,MINT.23,MINTn
RULE_MINT4024,MINT.24,MINTn
RULE_MINT4026A,MINT.26,MINTn
RULE_MINT4026B,MINT.26,MINTn
RULE_MINT4027A,MINT.27,MINTn
RULE_MINT4027B,MINT.27,MINTn
RULE_MINT4027,MINT.27,MINTn
RULE_MINT4028A,MINT.28,MINTn
RULE_MINT4028B,MINT.28,MINTn
RULE_MINT5001A,MINT.1,MINTn
RULE_MINT5001B,MINT.1,MINTn
RULE_MINT5001,MINT.1,MINTn
RULE_MINT5002A,MINT.2,MINTn
RULE_MINT5002B,MINT.2,MINTn
RULE_MINT5002,MINT.2,MINTn
RULE_MINT5003A,MINT.3,MINTn
RULE_MINT5003B,MINT.3,MINTn
RULE_MINT5003,MINT.3,MINTn
RULE_MINT5004A,MINT.4,MINTn
RULE_MINT5004B,MINT.4,MINTn
RULE_MINT5005A,MINT.5,MINTn
RULE_MINT5005B,MINT.5,MINTn
RULE_MINT5006AB,MINT.6,MINTn
RULE_MINT5006,MINT.6,MINTn
RULE_MINT5007AB,MINT.7,MINTn
RULE_MINT5007,MINT.7,MINTn
RULE_MINT5008A,MINT.8,MINTn
RULE_MINT5008B,MINT.8,MINTn
RULE_MINT5009A,MINT.9,MINTn
RULE_MINT5009B,MINT.9,MINTn
RULE_MINT5010A,MINT.10,MINTn
RULE_MINT5010B,MINT.10,MINTn
RULE_MINT5011A,MINT.11,MINTn
RULE_MINT5011B,MINT.11,MINTn
RULE_MINT5012A,MINT.12,MINTn
RULE_MINT5012B,MINT.12,MINTn
RULE_MINT5013A,MINT.13,MINTn
RULE_MINT5013B,MINT.13,MINTn
RULE_MINT5014A,MINT.14,MINTn
RULE_MINT5014B,MINT.14,MINTn
RULE_MINT5015A,MINT.15,MINTn
RULE_MINT5015B,MINT.15,MINTn
RULE_MINT5016A,MINT.16,MINTn
RULE_MINT5016B,MINT.16,MINTn
RULE_MINT5017A,MINT.17,MINTn
RULE_MINT5017B,MINT.17,MINTn
RULE_MINT5018A,MINT.18,MINTn
RULE_MINT5018B,MINT.18,MINTn
RULE_MINT5019A,MINT.19,MINTn
RULE_MINT5019B,MINT.19,MINTn
RULE_MINT5020A,MINT.20,MINTn
RULE_MINT5020B,MINT.20,MINTn
RULE_MINT5021A,MINT.21,MINTn
RULE_MINT5021B,MINT.21,MINTn
RULE_MINT5022,MINT.22,MINTn
RULE_MINT5023A,MINT.23,MINTn
RULE_MINT5023B,MINT.23,MINTn
RULE_MINT5023,MINT.23,MINTn
RULE_MINT5024,MINT.24,MINTn
RULE_MINT5026A,MINT.26,MINTn
RULE_MINT5026B,MINT.26,MINTn
RULE_MINT5027A,MINT.27,MINTn
RULE_MINT5027B,MINT.27,MINTn
RULE_MINT5027,MINT.27,MINTn
RULE_MINT5028A,MINT.28,MINTn
RULE_MINT5028B,MINT.28,MINTn
RULE_VSMG1001a,VSMGn.1.a,VSMGn
RULE_VSMG1001b,VSMGn.1.b,VSMGn
RULE_VSMG1001c,VSMGn.1.b,VSMGn
RULE_VSMG1002,VSMGn.2,VSMGn
RULE_VSMG1003,VSMGn.3,VSMGn
RULE_VSMG1004,VSMGn.4,VSMGn
RULE_VSMG1005,VSMGn.5,VSMGn
RULE_VSMG2001a,VSMGn.1.a,VSMGn
RULE_VSMG2001b,VSMGn.1.b,VSMGn
RULE_VSMG2001c,VSMGn.1.b,VSMGn
RULE_VSMG2002,VSMGn.2,VSMGn
RULE_VSMG2003,VSMGn.3,VSMGn
RULE_VSMG2004,VSMGn.4,VSMGn
RULE_VSMG2005,VSMGn.5,VSMGn
RULE_VSMG3001a,VSMGn.1.a,VSMGn
RULE_VSMG3001b,VSMGn.1.b,VSMGn
RULE_VSMG3001c,VSMGn.1.b,VSMGn
RULE_VSMG3002,VSMGn.2,VSMGn
RULE_VSMG3003,VSMGn.3,VSMGn
RULE_VSMG3004,VSMGn.4,VSMGn
RULE_VSMG3005,VSMGn.5,VSMGn
RULE_VSMG4001a,VSMGn.1.a,VSMGn
RULE_VSMG4001b,VSMGn.1.b,VSMGn
RULE_VSMG4001c,VSMGn.1.b,VSMGn
RULE_VSMG4002,VSMGn.2,VSMGn
RULE_VSMG4003,VSMGn.3,VSMGn
RULE_VSMG4004,VSMGn.4,VSMGn
RULE_VSMG4005,VSMGn.5,VSMGn
RULE_VSMG5001a,VSMGn.1.a,VSMGn
RULE_VSMG5001b,VSMGn.1.b,VSMGn
RULE_VSMG5001c,VSMGn.1.b,VSMGn
RULE_VSMG5002,VSMGn.2,VSMGn
RULE_VSMG5003,VSMGn.3,VSMGn
RULE_VSMG5004,VSMGn.4,VSMGn
RULE_VSMG5005,VSMGn.5,VSMGn
RULE_MSMG1001,MSMGn.1,MSMGn
RULE_MSMG1002,MSMGn.2,MSMGn
RULE_MSMG1003,MSMGn.3,MSMGn
RULE_MSMG1004,MSMGn.4,MSMGn
RULE_MSMG1005,MSMGn.5,MSMGn
RULE_MSMG1006,MSMGn.6,MSMGn
RULE_MSMG1007,MSMGn.7,MSMGn
RULE_MSMG1008,MSMGn.8,MSMGn
RULE_MSMG1009,MSMGn.9,MSMGn
RULE_MSMG1010,MSMGn.10,MSMGn
RULE_MSMG1011,MSMGn.11,MSMGn
RULE_MSMG1013,MSMGn.13,MSMGn
RULE_MSMG1014,MSMGn.14,MSMGn
RULE_MSMG1015,MSMGn.15,MSMGn
RULE_MSMG2001,MSMGn.1,MSMGn
RULE_MSMG2002,MSMGn.2,MSMGn
RULE_MSMG2003,MSMGn.3,MSMGn
RULE_MSMG2004,MSMGn.4,MSMGn
RULE_MSMG2005,MSMGn.5,MSMGn
RULE_MSMG2006,MSMGn.6,MSMGn
RULE_MSMG2007,MSMGn.7,MSMGn
RULE_MSMG2008,MSMGn.8,MSMGn
RULE_MSMG2009,MSMGn.9,MSMGn
RULE_MSMG2010,MSMGn.10,MSMGn
RULE_MSMG2011,MSMGn.11,MSMGn
RULE_MSMG2013,MSMGn.13,MSMGn
RULE_MSMG2014,MSMGn.14,MSMGn
RULE_MSMG2015,MSMGn.15,MSMGn
RULE_MSMG3001,MSMGn.1,MSMGn
RULE_MSMG3002,MSMGn.2,MSMGn
RULE_MSMG3003,MSMGn.3,MSMGn
RULE_MSMG3004,MSMGn.4,MSMGn
RULE_MSMG3005,MSMGn.5,MSMGn
RULE_MSMG3006,MSMGn.6,MSMGn
RULE_MSMG3007,MSMGn.7,MSMGn
RULE_MSMG3008,MSMGn.8,MSMGn
RULE_MSMG3009,MSMGn.9,MSMGn
RULE_MSMG3010,MSMGn.10,MSMGn
RULE_MSMG3011,MSMGn.11,MSMGn
RULE_MSMG3013,MSMGn.13,MSMGn
RULE_MSMG3014,MSMGn.14,MSMGn
RULE_MSMG3015,MSMGn.15,MSMGn
RULE_MSMG4001,MSMGn.1,MSMGn
RULE_MSMG4002,MSMGn.2,MSMGn
RULE_MSMG4003,MSMGn.3,MSMGn
RULE_MSMG4004,MSMGn.4,MSMGn
RULE_MSMG4005,MSMGn.5,MSMGn
RULE_MSMG4006,MSMGn.6,MSMGn
RULE_MSMG4007,MSMGn.7,MSMGn
RULE_MSMG4008,MSMGn.8,MSMGn
RULE_MSMG4009,MSMGn.9,MSMGn
RULE_MSMG4010,MSMGn.10,MSMGn
RULE_MSMG4011,MSMGn.11,MSMGn
RULE_MSMG4013,MSMGn.13,MSMGn
RULE_MSMG4014,MSMGn.14,MSMGn
RULE_MSMG4015,MSMGn.15,MSMGn
RULE_MSMG5001,MSMGn.3,MSMGn
RULE_MSMG5002,MSMGn.2,MSMGn
RULE_MSMG5003,MSMGn.3,MSMGn
RULE_MSMG5004,MSMGn.4,MSMGn
RULE_MSMG5005,MSMGn.5,MSMGn
RULE_MSMG5006,MSMGn.6,MSMGn
RULE_MSMG5007,MSMGn.7,MSMGn
RULE_MSMG5008,MSMGn.8,MSMGn
RULE_MSMG5009,MSMGn.9,MSMGn
RULE_MSMG5010,MSMGn.10,MSMGn
RULE_MSMG5011,MSMGn.11,MSMGn
RULE_MSMG5013,MSMGn.13,MSMGn
RULE_MSMG5014,MSMGn.14,MSMGn
RULE_MSMG5015,MSMGn.15,MSMGn
RULE_VG1001a,VG1.1.a,VGn
RULE_VG1001b,VG1.1.b,VGn
RULE_VG1001c,VG1.1.b,VGn
RULE_VG1002,VG1.2,VGn
RULE_VG1003,VG1.3,VGn
RULE_VG1004,VG1.4,VGn
RULE_VG1005,VG1.5,VGn
RULE_MG1001,MGn.1,MGn
RULE_MG1002,MGn.2,MGn
RULE_MG1003,MGn.3,MGn
RULE_MG1004,MGn.4,MGn
RULE_MG1005,MGn.5,MGn
RULE_MG1006,MGn.6,MGn
RULE_MG1007,MGn.7,MGn
RULE_MG1008,MGn.8,MGn
RULE_MG1009,MGn.9,MGn
RULE_MG1010,MGn.10,MGn
RULE_MG1012,MGn.12,MGn
RULE_MG1013,MGn.13,MGn
RULE_MG1014,MGn.14,MGn
RULE_MG2001,MGn.1,MGn
RULE_MG2002,MGn.2,MGn
RULE_MG2003,MGn.3,MGn
RULE_MG2004,MGn.4,MGn
RULE_MG2005,MGn.5,MGn
RULE_MG2006,MGn.6,MGn
RULE_MG2007,MGn.7,MGn
RULE_MG2008,MGn.8,MGn
RULE_MG2009,MGn.9,MGn
RULE_MG2010,MGn.10,MGn
RULE_MG2012,MGn.12,MGn
RULE_MG2013,MGn.13,MGn
RULE_MG2014,MGn.14,MGn
RULE_MIS01,GRID,Other Rules
RULE_MIS02A,ANTENNA,Other Rules
RULE_MIS02B,ANTENNA,Other Rules
